Chemical,Organic,Actino_ugC_DW
0,0,12.17302323
0,0,10.76851469
0,0,11.91873378
0,0,12.61895237
0,1,15.93646323
0,1,14.63376298
0,1,17.02742247
0,1,15.64815884
1,0,13.52499981
1,0,12.98298518
1,0,14.09065386
1,0,11.38389562
1,1,14.3362496
1,1,9.166991425
1,1,13.37191746
1,1,13.80917102
